{"frames":[{"filename":"p1_walk01","frame":{"x":73,"y":0,"w":72,"h":97},"rotated":false,"trimmed":false,"spriteSourceSize":{"x":0,"y":0,"w":72,"h":97},"sourceSize":{"w":72,"h":97}},{"filename":"p1_walk02","frame":{"x":219,"y":98,"w":72,"h":97},"rotated":false,"trimmed":false,"spriteSourceSize":{"x":0,"y":0,"w":72,"h":97},"sourceSize":{"w":72,"h":97}},{"filename":"p1_walk03","frame":{"x":0,"y":98,"w":72,"h":97},"rotated":false,"trimmed":false,"spriteSourceSize":{"x":0,"y":0,"w":72,"h":97},"sourceSize":{"w":72,"h":97}},{"filename":"p1_walk04","frame":{"x":73,"y":98,"w":72,"h":97},"rotated":false,"trimmed":false,"spriteSourceSize":{"x":0,"y":0,"w":72,"h":97},"sourceSize":{"w":72,"h":97}},{"filename":"p1_walk05","frame":{"x":146,"y":0,"w":72,"h":97},"rotated":false,"trimmed":false,"spriteSourceSize":{"x":0,"y":0,"w":72,"h":97},"sourceSize":{"w":72,"h":97}},{"filename":"p1_walk06","frame":{"x":146,"y":98,"w":72,"h":97},"rotated":false,"trimmed":false,"spriteSourceSize":{"x":0,"y":0,"w":72,"h":97},"sourceSize":{"w":72,"h":97}},{"filename":"p1_walk07","frame":{"x":219,"y":0,"w":72,"h":97},"rotated":false,"trimmed":false,"spriteSourceSize":{"x":0,"y":0,"w":72,"h":97},"sourceSize":{"w":72,"h":97}},{"filename":"p1_walk08","frame":{"x":0,"y":0,"w":72,"h":97},"rotated":false,"trimmed":false,"spriteSourceSize":{"x":0,"y":0,"w":72,"h":97},"sourceSize":{"w":72,"h":97}},{"filename":"p1_walk09","frame":{"x":0,"y":196,"w":72,"h":97},"rotated":false,"trimmed":false,"spriteSourceSize":{"x":0,"y":0,"w":72,"h":97},"sourceSize":{"w":72,"h":97}},{"filename":"p1_walk10","frame":{"x":73,"y":196,"w":72,"h":97},"rotated":false,"trimmed":false,"spriteSourceSize":{"x":0,"y":0,"w":72,"h":97},"sourceSize":{"w":72,"h":97}},{"filename":"p1_walk11","frame":{"x":146,"y":196,"w":72,"h":97},"rotated":false,"trimmed":false,"spriteSourceSize":{"x":0,"y":0,"w":72,"h":97},"sourceSize":{"w":72,"h":97}},{"filename":"p1_jump","frame":{"x":219,"y":196,"w":67,"h":94},"rotated":false,"trimmed":false,"spriteSourceSize":{"x":0,"y":0,"w":67,"h":94},"sourceSize":{"w":67,"h":94}},{"filename":"p1_stand","frame":{"x":292,"y":0,"w":66,"h":92},"rotated":false,"trimmed":false,"spriteSourceSize":{"x":0,"y":0,"w":66,"h":92},"sourceSize":{"w":66,"h":92}},{"filename":"p1_front","frame":{"x":292,"y":93,"w":66,"h":92},"rotated":false,"trimmed":false,"spriteSourceSize":{"x":0,"y":0,"w":66,"h":92},"sourceSize":{"w":66,"h":92}}],"meta":{"app":"https://www.leshylabs.com/apps/sstool/","version":"Leshy SpriteSheet Tool v0.8.4","image":"player.png","size":{"w":100000,"h":100000},"scale":10}}